"Employee No","Employee Name","Location","Product ID","Garment Details","Size","Fit","Date Manufactured","Product Code","Current Condition","Previous Condition Code","Service Date","Service History"
"USHERS","USHER","HARROLD FIRE STATION ()","7282530395","RIB PBI GOLD FIRE HOOD CLB","N/A","N/A","01/01/1900","BRISTOLHOOD5","02/09/2025 - 2 - GOOD CONDITION","02/09/2025 - 2 - GOOD CONDITION","25/03/2026","DESP TO STATION"
"","","","","","","","","","","","17/11/2025","DESP TO STATION"
"","","","","","","","","","","","30/10/2025","INSPECTION AND  APPLY CONDITION CODE"
"","","","","","","","","","","","30/10/2025","RETURN FOR STOCK"
"","","","","","","","","","","","17/10/2025","INSPECTION AND  APPLY CONDITION CODE"
"","","","","","","","","","","","15/10/2025","STAIN REMOVAL 60 DEGREE WASH HOOD"
"","","","","","","","","","","","03/10/2025","INSPECTION AND  APPLY CONDITION CODE"
"","","","","","","","","","","","30/09/2025","STAIN REMOVAL 60 DEGREE WASH HOOD"
"","","","","","","","","","","","02/09/2025","STANDARD 40 DEGREE WASH AND DRY HOOD"
"","","","","","","","","","","","02/09/2025","INSPECTION AND  APPLY CONDITION CODE"
"","","","","","","","","","","","22/06/2025","INSPECTION AND  APPLY CONDITION CODE"
"","","","","","","","","","","","17/06/2025","STANDARD 40 DEGREE WASH AND DRY HOOD"
"","","","","","","","","","","","10/04/2025","INSPECTION AND  APPLY CONDITION CODE"
"","","","","","","","","","","","08/04/2025","STANDARD 40 DEGREE WASH AND DRY HOOD"
"","","","","","","","","","","","07/10/2024","REPLACEMENT FOR CONDEMNED/LOST ITEM"
"","","","","","","","","","","","04/10/2024","STANDARD 40 DEGREE WASH AND DRY HOOD"
"","","","","","","","","","","","04/10/2024","RETURN OF ITEM FOR STOCK"
"","","","","","","","","","","","09/08/2024","SERVICED ITEM DESPATCHED TO STATION"
"","","","","","","","","","","","04/08/2024","RETURN OF ITEM FOR STOCK"
"","","","","","","","","","","","02/08/2024","40 DEGREE PRE-WASH 60 DEGREE MAIN WASH"
"","","","","","","","","","","","06/06/2024","ISSUED AS POOL STOCK"
"USHERS","USHER","HARROLD FIRE STATION ()","7363620001","GOLD PBI TITAN (BLACK GRID) COAT CLB","SML","TALL","12/03/2018","XF2-A_PR2YG","23/08/2025 - 3 - FAIR","23/06/2025 - 3 - FAIR","25/03/2026","ISSUE AS POOLSTOCK"
"","","","","","","","","","","","22/01/2026","ISSUE AS POOLSTOCK"
"","","","","","","","","","","","15/01/2026","RETURN FOR STOCK"
"","","","","","","","","","","","07/01/2026","ISSUE AS POOLSTOCK"
"","","","","","","","","","","","14/11/2025","RETURN FOR STOCK"
"","","","","","","","","","","","07/10/2025","DESP TO STATION"
"","","","","","","","","","","","17/09/2025","RETURN FOR STOCK"
"","","","","","","","","","","","12/09/2025","INSPECTION AND  APPLY CONDITION CODE"
"","","","","","","","","","","","11/09/2025","40 DEGREE PRE-WASH 60 DEGREE MAIN WASH"
"","","","","","","","","","","","24/08/2025","ISSUE AS POOLSTOCK"
"","","","","","","","","","","","15/08/2025","INSPECTION AND  APPLY CONDITION CODE"
"","","","","","","","","","","","12/08/2025","60 DEGREE STANDARD WASH AND DRY"
"","","","","","","","","","","","23/06/2025","RETURN FOR STOCK"
"","","","","","","","","","","","20/06/2025","INSPECTION AND  APPLY CONDITION CODE"
"","","","","","","","","","","","17/06/2025","60 DEGREE STANDARD WASH AND DRY"
"","","","","","","","","","","","12/11/2024","RESTITCH TOP BACK SEAM"
"","","","","","","","","","","","12/11/2024","60 DEGREE STANDARD WASH AND DRY"
"","","","","","","","","","","","04/10/2024","THERMAL DISINFECTION  WASH & DRY"
"","","","","","","","","","","","09/08/2024","ASBESTOS DECONTAMINATION COAT/TROUSER"
"","","","","","","","","","","","28/03/2024","60 DEGREE STANDARD WASH AND DRY"
"","","","","","","","","","","","13/01/2024","60 DEGREE STANDARD WASH AND DRY"
"","","","","","","","","","","","08/01/2024","THERMAL DISINFECTION  WASH & DRY"
"","","","","","","","","","","","12/06/2023","60 DEGREE STANDARD WASH AND DRY"
"","","","","","","","","","","","14/03/2023","60 DEGREE STANDARD WASH AND DRY"
"","","","","","","","","","","","07/02/2023","60 DEGREE STANDARD WASH AND DRY"
"","","","","","","","","","","","16/12/2022","RESTITCH RIGHT SLEEVE"
"","","","","","","","","","","","16/12/2022","60 DEGREE STANDARD WASH AND DRY"
"","","","","","","","","","","","18/10/2022","THERMAL DISINFECTION  WASH & DRY"
"","","","","","","","","","","","07/09/2022","SERVICED ITEM DESPATCHED TO STATION"
"","","","","","","","","","","","31/08/2022","RETURN OF ITEM FOR STOCK"
"","","","","","","","","","","","31/08/2022","60 DEGREE STANDARD WASH AND DRY"
"","","","","","","","","","","","20/08/2022","60 DEGREE STANDARD WASH AND DRY"
"","","","","","","","","","","","02/02/2022","REPLACE REFLECTIVE ON RIGHT SLEEVE"
"","","","","","","","","","","","02/02/2022","60 DEGREE STANDARD WASH AND DRY"
"","","","","","","","","","","","10/02/2021","60 DEGREE STANDARD WASH AND DRY"
"","","","","","","","","","","","12/02/2020","40 DEGREE STANDARD BRISTOL WASH AND DRY"
"","","","","","","","","","","","17/04/2019","40 DEGREE STANDARD BRISTOL WASH AND DRY"
"","","","","","","","","","","","11/01/2019","NEW ISSUE OF ITEM TO STATION"
"","","","","","","","","","","","23/07/2018","NEW ISSUE OF ITEM TO STATION"
"USHERS","USHER","HARROLD FIRE STATION ()","7391000156","RIB PBI GOLD FIRE HOOD CLB","N/A","N/A","10/08/2018","BRISTOLHOOD5","14/01/2026 - 3 - FAIR","08/08/2025 - 3 - FAIR","25/03/2026","ISSUE AS POOLSTOCK"
"","","","","","","","","","","","22/01/2026","ISSUE AS POOLSTOCK"
"","","","","","","","","","","","14/01/2026","INSPECTION AND  APPLY CONDITION CODE"
"","","","","","","","","","","","14/01/2026","RETURN FOR STOCK"
"","","","","","","","","","","","13/01/2026","STAIN REMOVAL 60 DEGREE WASH HOOD"
"","","","","","","","","","","","22/12/2025","ISSUE AS POOLSTOCK"
"","","","","","","","","","","","08/12/2025","RETURN FOR STOCK"
"","","","","","","","","","","","15/11/2025","HOOD RESTITCH HOLE IN SEAM"
"","","","","","","","","","","","15/11/2025","INSPECTION AND  APPLY CONDITION CODE"
"","","","","","","","","","","","07/11/2025","STAIN REMOVAL 60 DEGREE WASH HOOD"
"","","","","","","","","","","","23/10/2025","INSPECTION AND  APPLY CONDITION CODE"
"","","","","","","","","","","","23/10/2025","THERMAL DISINFECTION  WASH & DRY"
"","","","","","","","","","","","14/08/2025","INSPECTION AND  APPLY CONDITION CODE"
"","","","","","","","","","","","06/08/2025","STANDARD 40 DEGREE WASH AND DRY HOOD"
"","","","","","","","","","","","12/09/2024","THERMAL DISINFECTION  WASH & DRY"
"","","","","","","","","","","","02/08/2024","I AND APPLY CONDITION CODE"
"","","","","","","","","","","","01/03/2024","40 DEGREE PRE-WASH 60 DEGREE MAIN WASH"
"","","","","","","","","","","","09/01/2024","ISSUED AS POOL STOCK"
"","","","","","","","","","","","04/01/2024","RETURN OF ITEM FOR STOCK"
"","","","","","","","","","","","26/06/2023","STANDARD 40 DEGREE WASH AND DRY HOOD"
"","","","","","","","","","","","22/09/2020","STANDARD 40 DEGREE WASH AND DRY HOOD"
"","","","","","","","","","","","17/09/2020","ASBESTOS DECONTAMINATION HOOD / GLOVE"
"","","","","","","","","","","","16/08/2018","NEW ISSUE OF ITEM TO STATION"
"USHERS","USHER","HARROLD FIRE STATION ()","7393450134","RIB PBI GOLD FIRE HOOD CLB","N/A","N/A","05/09/2018","BRISTOLHOOD5","22/04/2025 - 2 - GOOD CONDITION","16/10/2024 - 2 - GOOD CONDITION","25/03/2026","ISSUE AS POOLSTOCK"
"","","","","","","","","","","","22/01/2026","ISSUE AS POOLSTOCK"
"","","","","","","","","","","","18/01/2026","INSPECTION AND  APPLY CONDITION CODE"
"","","","","","","","","","","","18/01/2026","RETURN FOR STOCK"
"","","","","","","","","","","","14/01/2026","STAIN REMOVAL 60 DEGREE WASH HOOD"
"","","","","","","","","","","","05/01/2026","ISSUE AS POOLSTOCK"
"","","","","","","","","","","","12/12/2025","INSPECTION AND  APPLY CONDITION CODE"
"","","","","","","","","","","","12/12/2025","RETURN FOR STOCK"
"","","","","","","","","","","","09/12/2025","STAIN REMOVAL 60 DEGREE WASH HOOD"
"","","","","","","","","","","","17/11/2025","ISSUE AS POOLSTOCK"
"","","","","","","","","","","","27/10/2025","INSPECTION AND  APPLY CONDITION CODE"
"","","","","","","","","","","","27/10/2025","RETURN FOR STOCK"
"","","","","","","","","","","","25/10/2025","STAIN REMOVAL 60 DEGREE WASH HOOD"
"","","","","","","","","","","","22/07/2025","INSPECTION AND  APPLY CONDITION CODE"
"","","","","","","","","","","","13/07/2025","STANDARD 40 DEGREE WASH AND DRY HOOD"
"","","","","","","","","","","","22/04/2025","INSPECTION AND  APPLY CONDITION CODE"
"","","","","","","","","","","","17/04/2025","STANDARD 40 DEGREE WASH AND DRY HOOD"
"","","","","","","","","","","","16/10/2024","SERVICED ITEM DESPATCHED TO STATION"
"","","","","","","","","","","","14/10/2024","STANDARD 40 DEGREE WASH AND DRY HOOD"
"","","","","","","","","","","","14/10/2024","RETURN OF ITEM FOR STOCK"
"","","","","","","","","","","","11/10/2024","RETURN OF ITEM FOR STOCK"
"","","","","","","","","","","","11/10/2024","STANDARD 40 DEGREE WASH AND DRY HOOD"
"","","","","","","","","","","","01/04/2022","STANDARD 40 DEGREE WASH AND DRY HOOD"
"","","","","","","","","","","","11/09/2018","NEW ISSUE OF ITEM TO STATION"
"USHERS","USHER","HARROLD FIRE STATION ()","7398830410","GOLD PBI TITAN TROUSER CLB","SML","TALL","15/10/2018","TXF2-A_PR2YG","12/07/2024 - 5 - SIGNIFICANT WEAR","11/07/2024 - 3 - FAIR","25/03/2026","ISSUE AS POOLSTOCK"
"","","","","","","","","","","","22/01/2026","ISSUE AS POOLSTOCK"
"","","","","","","","","","","","15/01/2026","RETURN FOR STOCK"
"","","","","","","","","","","","07/01/2026","ISSUE AS POOLSTOCK"
"","","","","","","","","","","","16/12/2025","INSPECTION AND  APPLY CONDITION CODE"
"","","","","","","","","","","","16/12/2025","RETURN FOR STOCK"
"","","","","","","","","","","","12/12/2025","40 DEGREE PRE-WASH 60 DEGREE MAIN WASH"
"","","","","","","","","","","","12/07/2024","ISSUED AS POOL STOCK"
"","","","","","","","","","","","11/07/2024","RETURN OF ITEM FOR STOCK"
"","","","","","","","","","","","11/07/2024","40 DEGREE PRE-WASH 60 DEGREE MAIN WASH"
"","","","","","","","","","","","03/07/2024","ISSUED AS POOL STOCK"
"","","","","","","","","","","","26/06/2024","RETURN OF ITEM FOR STOCK"
"","","","","","","","","","","","26/06/2024","40 DEGREE PRE-WASH 60 DEGREE MAIN WASH"
"","","","","","","","","","","","20/06/2024","ISSUED AS POOL STOCK"
"","","","","","","","","","","","18/06/2024","RETURN OF ITEM FOR STOCK"
"","","","","","","","","","","","18/06/2024","40 DEGREE PRE-WASH 60 DEGREE MAIN WASH"
"","","","","","","","","","","","30/05/2024","ISSUED AS POOL STOCK"
"","","","","","","","","","","","28/05/2024","RETURN OF ITEM FOR STOCK"
"","","","","","","","","","","","14/03/2024","ISSUED AS POOL STOCK"
"","","","","","","","","","","","04/03/2024","60 DEGREE STANDARD WASH AND DRY"
"","","","","","","","","","","","04/03/2024","RETURN OF ITEM FOR STOCK"
"","","","","","","","","","","","27/12/2023","ITEM ISSUED FROM STATION TO FF"
"","","","","","","","","","","","13/10/2023","SERVICED ITEM DESPATCHED TO STATION"
"","","","","","","","","","","","04/09/2023","60 DEGREE STANDARD WASH AND DRY"
"","","","","","","","","","","","04/09/2023","SERVICED ITEM DESPATCHED TO STATION"
"","","","","","","","","","","","01/09/2023","60 DEGREE STANDARD WASH AND DRY"
"","","","","","","","","","","","24/08/2023","ISSUED AS POOL STOCK"
"","","","","","","","","","","","24/08/2023","60 DEGREE STANDARD WASH AND DRY"
"","","","","","","","","","","","24/08/2023","RETURN OF ITEM FOR STOCK"
"","","","","","","","","","","","03/07/2023","ITEM ISSUED FROM STATION TO FF"
"","","","","","","","","","","","18/05/2023","SERVICED ITEM DESPATCHED TO STATION"
"","","","","","","","","","","","16/05/2023","60 DEGREE STANDARD WASH AND DRY"
"","","","","","","","","","","","16/05/2023","RETURN OF ITEM FOR STOCK"
"","","","","","","","","","","","06/03/2023","ITEM ISSUED FROM STATION TO FF"
"","","","","","","","","","","","29/07/2022","SERVICED ITEM DESPATCHED TO STATION"
"","","","","","","","","","","","29/07/2022","THERMAL DISINFECTION  WASH & DRY"
"","","","","","","","","","","","29/07/2022","RETURN OF ITEM FOR STOCK"
"","","","","","","","","","","","06/06/2022","ITEM ISSUED FROM STATION TO FF"
"","","","","","","","","","","","23/12/2021","SERVICED ITEM DESPATCHED TO STATION"
"","","","","","","","","","","","16/12/2021","60 DEGREE STANDARD WASH AND DRY"
"","","","","","","","","","","","25/10/2021","SERVICED ITEM DESPATCHED TO STATION"
"","","","","","","","","","","","20/10/2021","RETURN OF ITEM FOR STOCK"
"","","","","","","","","","","","20/10/2021","60 DEGREE STANDARD WASH AND DRY"
"","","","","","","","","","","","13/10/2021","SERVICED ITEM DESPATCHED TO STATION"
"","","","","","","","","","","","13/10/2021","RETURN OF ITEM FOR STOCK"
"","","","","","","","","","","","13/10/2021","60 DEGREE STANDARD WASH AND DRY"
"","","","","","","","","","","","28/09/2021","SERVICED ITEM DESPATCHED TO STATION"
"","","","","","","","","","","","18/08/2021","RETURN OF ITEM FOR STOCK"
"","","","","","","","","","","","12/08/2021","SERVICED ITEM DESPATCHED TO STATION"
"","","","","","","","","","","","12/08/2021","60 DEGREE STANDARD WASH AND DRY"
"","","","","","","","","","","","12/08/2021","RETURN OF ITEM FOR STOCK"
"","","","","","","","","","","","02/03/2020","ITEM ISSUED FROM STATION TO FF"
"","","","","","","","","","","","13/01/2020","SERVICED ITEM DESPATCHED TO STATION"
"","","","","","","","","","","","08/01/2020","SERVICED ITEM DESPATCHED TO STATION"
"","","","","","","","","","","","08/01/2020","SERVICED ITEM DESPATCHED TO STATION"
"","","","","","","","","","","","07/01/2020","40 DEGREE STANDARD BRISTOL WASH AND DRY"
"","","","","","","","","","","","07/01/2020","RETURN OF ITEM FOR STOCK"
"","","","","","","","","","","","02/09/2019","ITEM ISSUED FROM STATION TO FF"
"","","","","","","","","","","","26/07/2019","SERVICED ITEM DESPATCHED TO STATION"
"","","","","","","","","","","","24/07/2019","40 DEGREE STANDARD BRISTOL WASH AND DRY"
"","","","","","","","","","","","24/07/2019","RETURN OF ITEM FOR STOCK"
"","","","","","","","","","","","01/02/2019","SERVICED ITEM DESPATCHED TO STATION"
"USHERS","USHER","HARROLD FIRE STATION ()","7405571106","GOLD PBI TITAN TROUSER CLB","SML","TALL","01/01/1900","TXF2-A_PR2YG","14/12/2023 - 3 - FAIR","07/01/2021 - 2 - GOOD CONDITION","25/03/2026","ISSUE AS POOLSTOCK"
"","","","","","","","","","","","22/01/2026","ISSUE AS POOLSTOCK"
"","","","","","","","","","","","12/01/2026","RETURN FOR STOCK"
"","","","","","","","","","","","14/12/2023","ISSUED AS POOL STOCK"
"","","","","","","","","","","","12/12/2023","RETURN OF ITEM FOR STOCK"
"","","","","","","","","","","","27/01/2022","SERVICED ITEM DESPATCHED TO STATION"
"","","","","","","","","","","","24/01/2022","60 DEGREE STANDARD WASH AND DRY"
"","","","","","","","","","","","24/01/2022","RETURN OF ITEM FOR STOCK"
"","","","","","","","","","","","31/12/2021","ITEM ISSUED FROM STATION TO FF"
"","","","","","","","","","","","22/12/2021","SERVICED ITEM DESPATCHED TO STATION"
"","","","","","","","","","","","28/10/2021","SERVICED ITEM DESPATCHED TO STATION"
"","","","","","","","","","","","19/08/2021","SERVICED ITEM DESPATCHED TO STATION"
"","","","","","","","","","","","18/08/2021","RETURN OF ITEM FOR STOCK"
"","","","","","","","","","","","24/05/2021","SERVICED ITEM DESPATCHED TO STATION"
"","","","","","","","","","","","21/05/2021","THERMAL DISINFECTION  WASH & DRY"
"","","","","","","","","","","","21/05/2021","RETURN OF ITEM FOR STOCK"
"","","","","","","","","","","","10/05/2021","60 DEGREE STANDARD WASH AND DRY"
"","","","","","","","","","","","10/05/2021","RETURN OF ITEM FOR STOCK"
"","","","","","","","","","","","10/05/2021","SERVICED ITEM DESPATCHED TO STATION"
"","","","","","","","","","","","26/04/2021","SERVICED ITEM DESPATCHED TO STATION"
"","","","","","","","","","","","19/04/2021","RETURN OF ITEM FOR STOCK"
"","","","","","","","","","","","23/03/2021","SERVICED ITEM DESPATCHED TO STATION"
"","","","","","","","","","","","22/03/2021","R HOLE ON RIGHT INTERNAL PKTS"
"","","","","","","","","","","","22/03/2021","60 DEGREE STANDARD WASH AND DRY"
"","","","","","","","","","","","12/03/2021","STANDARD 40 DEGREE WASH AND DRY HOOD"
"","","","","","","","","","","","12/03/2021","R HOLE ON RIGHT PATCH POCKET"
"","","","","","","","","","","","12/03/2021","RETURN OF ITEM FOR STOCK"
"","","","","","","","","","","","07/01/2021","ITEM ISSUED FROM STATION TO FF"
"","","","","","","","","","","","30/12/2020","SERVICED ITEM DESPATCHED TO STATION"
"","","","","","","","","","","","21/12/2020","RETURN OF ITEM FOR STOCK"
"","","","","","","","","","","","21/12/2020","RETURN OF ITEM FOR STOCK"
"","","","","","","","","","","","14/12/2020","SERVICED ITEM DESPATCHED TO STATION"
"","","","","","","","","","","","14/12/2020","60 DEGREE STANDARD WASH AND DRY"
"","","","","","","","","","","","14/12/2020","RETURN OF ITEM FOR STOCK"
"","","","","","","","","","","","11/12/2020","RETURN OF ITEM FOR STOCK"
"","","","","","","","","","","","23/09/2020","THERMAL DISINFECTION  WASH & DRY"
"","","","","","","","","","","","11/12/2019","NEW ISSUE OF ITEM TO STATION"
"USHERS","USHER","HARROLD FIRE STATION ()","7647290210","RIB PBI GOLD FIRE HOOD CLB","N/A","N/A","07/09/2021","BRISTOLHOOD5","01/11/2023 - 2 - GOOD CONDITION","22/03/2022 - 1 - NEW OR EXCELLENT","25/03/2026","DESP TO STATION"
"","","","","","","","","","","","17/11/2025","DESP TO STATION"
"","","","","","","","","","","","19/10/2025","RETURN FOR STOCK"
"","","","","","","","","","","","17/10/2025","INSPECTION AND  APPLY CONDITION CODE"
"","","","","","","","","","","","15/10/2025","STANDARD 40 DEGREE WASH AND DRY HOOD"
"","","","","","","","","","","","01/11/2023","40 DEGREE PRE-WASH 60 DEGREE MAIN WASH"
"","","","","","","","","","","","16/03/2023","STANDARD 40 DEGREE WASH AND DRY HOOD"
"","","","","","","","","","","","26/09/2022","SERVICED ITEM DESPATCHED TO STATION"
"","","","","","","","","","","","20/09/2022","STANDARD 40 DEGREE WASH AND DRY HOOD"
"","","","","","","","","","","","20/09/2022","RETURN OF ITEM FOR STOCK"
"","","","","","","","","","","","01/09/2022","ISSUED AS POOL STOCK"
"","","","","","","","","","","","29/08/2022","RETURN OF ITEM FOR STOCK"
"","","","","","","","","","","","29/08/2022","THERMAL DISINFECTION  WASH & DRY"
"","","","","","","","","","","","12/08/2022","ISSUED AS POOL STOCK"
"","","","","","","","","","","","10/08/2022","THERMAL DISINFECTION  WASH & DRY"
"","","","","","","","","","","","27/07/2022","ISSUED AS POOL STOCK"
"","","","","","","","","","","","14/07/2022","STANDARD 40 DEGREE WASH AND DRY HOOD"
"","","","","","","","","","","","13/07/2022","STANDARD 40 DEGREE WASH AND DRY HOOD"
"","","","","","","","","","","","13/07/2022","RETURN OF ITEM FOR STOCK"
"","","","","","","","","","","","22/03/2022","SERVICED ITEM DESPATCHED TO STATION"
"USHERS","USHER","HARROLD FIRE STATION ()","7651890037","GOLD PBI TITAN (BLACK GRID) COAT CLB","MED","REG","30/11/2021","XF2-A_PR2YG","16/11/2025 - 4 - SOME WEAR","26/09/2025 - 4 - SOME WEAR","25/03/2026","ISSUE AS POOLSTOCK"
"","","","","","","","","","","","22/01/2026","ISSUE AS POOLSTOCK"
"","","","","","","","","","","","22/01/2026","DESP TO STATION"
"","","","","","","","","","","","24/11/2025","DESP TO STATION"
"","","","","","","","","","","","18/11/2025","RETURN FOR STOCK"
"","","","","","","","","","","","16/11/2025","INSPECTION AND  APPLY CONDITION CODE"
"","","","","","","","","","","","16/11/2025","60 DEGREE STANDARD WASH AND DRY"
"","","","","","","","","","","","01/10/2025","ISSUE AS POOLSTOCK"
"","","","","","","","","","","","16/09/2025","RETURN FOR STOCK"
"","","","","","","","","","","","15/09/2025","INSPECTION AND  APPLY CONDITION CODE"
"","","","","","","","","","","","15/09/2025","REPLACE VERTICAL REFLEC BACK RIGHT"
"","","","","","","","","","","","15/09/2025","REPLACE VERTICAL REFLEC BACK LEFT"
"","","","","","","","","","","","12/09/2025","40 DEGREE PRE-WASH 60 DEGREE MAIN WASH"
"","","","","","","","","","","","04/09/2025","ISSUE AS POOLSTOCK"
"","","","","","","","","","","","15/08/2025","INSPECTION AND  APPLY CONDITION CODE"
"","","","","","","","","","","","15/08/2025","RETURN FOR STOCK"
"","","","","","","","","","","","12/08/2025","40 DEGREE PRE-WASH 60 DEGREE MAIN WASH"
"","","","","","","","","","","","30/07/2025","ISSUE AS POOLSTOCK"
"","","","","","","","","","","","16/07/2025","RETURN FOR STOCK"
"","","","","","","","","","","","27/06/2025","DESP TO STATION"
"","","","","","","","","","","","24/06/2025","RETURN FOR STOCK"
"","","","","","","","","","","","16/06/2025","INSPECTION AND  APPLY CONDITION CODE"
"","","","","","","","","","","","10/06/2025","60 DEGREE STANDARD WASH AND DRY"
"","","","","","","","","","","","25/04/2025","ISSUE AS POOLSTOCK"
"","","","","","","","","","","","24/04/2025","INSPECTION AND  APPLY CONDITION CODE"
"","","","","","","","","","","","24/04/2025","RETURN FOR STOCK"
"","","","","","","","","","","","21/04/2025","40 DEGREE PRE-WASH 60 DEGREE MAIN WASH"
"","","","","","","","","","","","24/10/2024","ISSUED AS POOL STOCK"
"","","","","","","","","","","","21/10/2024","RETURN OF ITEM FOR STOCK"
"","","","","","","","","","","","17/09/2024","ISSUED AS POOL STOCK"
"","","","","","","","","","","","29/08/2024","60 DEGREE STANDARD WASH AND DRY"
"","","","","","","","","","","","29/08/2024","RETURN OF ITEM FOR STOCK"
"","","","","","","","","","","","27/08/2024","RETURN OF ITEM FOR STOCK"
"","","","","","","","","","","","27/07/2024","60 DEGREE STANDARD WASH AND DRY"
"","","","","","","","","","","","14/06/2024","40 DEGREE PRE-WASH 60 DEGREE MAIN WASH"
"","","","","","","","","","","","27/01/2023","REPLACE RIGHT SLEEVE VELCRO"
"","","","","","","","","","","","27/01/2023","60 DEGREE STANDARD WASH AND DRY"
"","","","","","","","","","","","13/01/2023","60 DEGREE STANDARD WASH AND DRY"
"","","","","","","","","","","","10/01/2023","60 DEGREE STANDARD WASH AND DRY"
"","","","","","","","","","","","03/01/2023","60 DEGREE STANDARD WASH AND DRY"
"","","","","","","","","","","","12/12/2022","60 DEGREE STANDARD WASH AND DRY"
"","","","","","","","","","","","05/12/2022","60 DEGREE STANDARD WASH AND DRY"
"","","","","","","","","","","","28/11/2022","40 DEGREE STANDARD BRISTOL WASH AND DRY"
"","","","","","","","","","","","28/11/2022","REPLACE RIGHT SLEEVE VELCRO"
"","","","","","","","","","","","17/11/2022","60 DEGREE STANDARD WASH AND DRY"
"","","","","","","","","","","","08/11/2022","60 DEGREE STANDARD WASH AND DRY"
"","","","","","","","","","","","08/11/2022","REPLACE BOTTOM BACK LABEL"
"","","","","","","","","","","","21/10/2022","60 DEGREE STANDARD WASH AND DRY"
"","","","","","","","","","","","13/10/2022","R HOLE LEFT FRONT INTERNAL PCKT"
"","","","","","","","","","","","13/10/2022","60 DEGREE STANDARD WASH AND DRY"
"","","","","","","","","","","","20/09/2022","60 DEGREE STANDARD WASH AND DRY"
"","","","","","","","","","","","07/09/2022","60 DEGREE STANDARD WASH AND DRY"
"","","","","","","","","","","","27/08/2022","60 DEGREE STANDARD WASH AND DRY"
"","","","","","","","","","","","06/08/2022","60 DEGREE STANDARD WASH AND DRY"
"","","","","","","","","","","","11/07/2022","RESTITCH TOP BACK SEAM"
"","","","","","","","","","","","11/07/2022","60 DEGREE STANDARD WASH AND DRY"
"","","","","","","","","","","","11/05/2022","NEW ISSUE OF ITEM TO STATION"
"USHERS","USHER","HARROLD FIRE STATION ()","7737430073","GOLD PBI TITAN TROUSER CLB","SML","TALL","01/01/1900","TXF2-A_PR2YG","01/08/2025 - 3 - FAIR","30/07/2025 - 7 - LOST OR STOLEN","18/03/2026","INSPECTION AND  APPLY CONDITION CODE"
"","","","","","","","","","","","16/03/2026","40 DEGREE PRE-WASH 60 DEGREE MAIN WASH"
"","","","","","","","","","","","17/11/2025","DESP TO STATION"
"","","","","","","","","","","","17/10/2025","INSPECTION AND  APPLY CONDITION CODE"
"","","","","","","","","","","","17/10/2025","RETURN FOR STOCK"
"","","","","","","","","","","","14/10/2025","40 DEGREE PRE-WASH 60 DEGREE MAIN WASH"
"","","","","","","","","","","","02/08/2025","DESP TO STATION"
"","","","","","","","","","","","30/07/2025","INSPECTION AND  APPLY CONDITION CODE"
"","","","","","","","","","","","30/07/2025","ITEM LOST"
"","","","","","","","","","","","30/07/2025","RETURN FOR STOCK"
"","","","","","","","","","","","23/07/2025","40 DEGREE PRE-WASH 60 DEGREE MAIN WASH"
"","","","","","","","","","","","09/06/2025","ISSUE AS POOLSTOCK"
"","","","","","","","","","","","04/06/2025","INSPECTION AND  APPLY CONDITION CODE"
"","","","","","","","","","","","04/06/2025","60 DEGREE STANDARD WASH AND DRY"
"","","","","","","","","","","","04/06/2025","RETURN FOR STOCK"
"","","","","","","","","","","","04/06/2025","ISSUE STAT TO FF"
"","","","","","","","","","","","30/04/2025","DESP TO STATION"
"","","","","","","","","","","","30/04/2025","ISSUE STAT TO FF"
"","","","","","","","","","","","19/03/2025","DESP TO STATION"
"","","","","","","","","","","","12/03/2025","RETURN FOR STOCK"
"","","","","","","","","","","","04/03/2025","60 DEGREE STANDARD WASH AND DRY"
"","","","","","","","","","","","15/08/2024","SERVICED ITEM DESPATCHED TO STATION"
"","","","","","","","","","","","15/08/2024","RETURN OF ITEM FOR STOCK"
"","","","","","","","","","","","23/07/2024","SERVICED ITEM DESPATCHED TO STATION"
"","","","","","","","","","","","15/09/2023","SERVICED ITEM DESPATCHED TO STATION"
"","","","","","","","","","","","22/08/2023","60 DEGREE STANDARD WASH AND DRY"
"","","","","","","","","","","","22/06/2023","60 DEGREE STANDARD WASH AND DRY"
"","","","","","","","","","","","16/03/2023","SERVICED ITEM DESPATCHED TO STATION"
"USHERS","USHER","HARROLD FIRE STATION ()","7737430084","PBI GOLD TROUSER SML TALL","SML","TALL","05/02/2025","TXF2-A_PR2YG","24/03/2026 - 3 - FAIR","05/03/2026 - 3 - FAIR","25/03/2026","INSPECTION AND  APPLY CONDITION CODE"
"","","","","","","","","","","","23/03/2026","40 DEGREE PRE-WASH 60 DEGREE MAIN WASH"
"","","","","","","","","","","","05/03/2026","INSPECTION AND  APPLY CONDITION CODE"
"","","","","","","","","","","","02/03/2026","40 DEGREE PRE-WASH 60 DEGREE MAIN WASH"
"","","","","","","","","","","","17/11/2025","DESP TO STATION"
"","","","","","","","","","","","30/09/2025","RETURN FOR STOCK"
"","","","","","","","","","","","30/09/2025","RETURN FOR STOCK"
"","","","","","","","","","","","02/06/2025","RETURN FOR STOCK"
"","","","","","","","","","","","31/05/2025","60 DEGREE STANDARD WASH AND DRY"
"","","","","","","","","","","","13/05/2025","DESP TO STATION"
"","","","","","","","","","","","08/05/2025","DESP TO STATION"
"","","","","","","","","","","","08/05/2025","RETURN FOR STOCK"
"","","","","","","","","","","","06/05/2025","INSPECTION AND  APPLY CONDITION CODE"
"","","","","","","","","","","","02/05/2025","60 DEGREE STANDARD WASH AND DRY"
"","","","","","","","","","","","07/02/2025","DESP TO STATION"
"USHERS","USHER","HARROLD FIRE STATION ()","7847220185","GOLD PBI TITAN (BLK GRID) CT CLB S_T","SML","TALL","17/11/2025","XF2-A_PR2YG","17/11/2025 - 1 - NEW OR EXCELLENT","N/A - N/A - N/A","18/03/2026","INSPECTION AND  APPLY CONDITION CODE"
"","","","","","","","","","","","16/03/2026","40 DEGREE PRE-WASH 60 DEGREE MAIN WASH"
"","","","","","","","","","","","17/11/2025","DESP TO STATION"
"USHERS","USHER","HARROLD FIRE STATION ()","7847220191","GOLD PBI TITAN (BLK GRID) CT CLB S_T","SML","TALL","17/11/2025","XF2-A_PR2YG","25/03/2026 - 2 - GOOD CONDITION","05/03/2026 - 2 - GOOD CONDITION","25/03/2026","INSPECTION AND  APPLY CONDITION CODE"
"","","","","","","","","","","","23/03/2026","40 DEGREE PRE-WASH 60 DEGREE MAIN WASH"
"","","","","","","","","","","","05/03/2026","INSPECTION AND  APPLY CONDITION CODE"
"","","","","","","","","","","","02/03/2026","40 DEGREE PRE-WASH 60 DEGREE MAIN WASH"
"","","","","","","","","","","","17/11/2025","DESP TO STATION"
"USHERS","USHER","HARROLD FIRE STATION ()","CAAA045640","HEROS TITAN YEL TORCH FF HELMET CLB","MED","N/A","17/11/2025","HEL32YETFF","17/11/2025 - 1 - NEW OR EXCELLENT","N/A - N/A - N/A","25/03/2026","DESP TO STATION"
"","","","","","","","","","","","17/11/2025","DESP TO STATION"
"USHERS","USHER","HARROLD FIRE STATION ()","CAAB227489","XFS FIRE FIGHTER GLOVE CLB,9_M","9/M","N/A","17/11/2025","GLOVE56","17/11/2025 - 1 - NEW OR EXCELLENT","N/A - N/A - N/A","25/03/2026","DESP TO STATION"
"","","","","","","","","","","","17/11/2025","DESP TO STATION"
"USHERS","USHER","HARROLD FIRE STATION ()","CAAB232233","XFS FIRE FIGHTER GLOVE CLB,9_M","9/M","N/A","17/11/2025","GLOVE56","17/11/2025 - 1 - NEW OR EXCELLENT","N/A - N/A - N/A","25/03/2026","DESP TO STATION"
"","","","","","","","","","","","17/11/2025","DESP TO STATION"
"USHERS","USHER","HARROLD FIRE STATION ()","CAAC166066","EX1_RSQ ORANGE RESCUE GLOVE CLB,MED","9/M","N/A","17/11/2025","GLOVE57","17/11/2025 - 1 - NEW OR EXCELLENT","N/A - N/A - N/A","25/03/2026","DESP TO STATION"
"","","","","","","","","","","","17/11/2025","DESP TO STATION"
"USHERS","USHER","HARROLD FIRE STATION ()","CAAC166093","EX1_RSQ ORANGE RESCUE GLOVE CLB,MED","9/M","N/A","17/11/2025","GLOVE57","17/11/2025 - 1 - NEW OR EXCELLENT","N/A - N/A - N/A","25/03/2026","DESP TO STATION"
"","","","","","","","","","","","17/11/2025","DESP TO STATION"
"USHERS","USHER","HARROLD FIRE STATION ()","CAAD063319","STRUCTURAL LEATHER BOOT CLB,8_42","8/42","N/A","17/11/2025","BOOT56","17/11/2025 - 1 - NEW OR EXCELLENT","N/A - N/A - N/A","25/03/2026","DESP TO STATION"
"","","","","","","","","","","","17/11/2025","DESP TO STATION"
"USHERS","USHER","HARROLD FIRE STATION ()","CAAD066105","STRUCTURAL LEATHER BOOT CLB,8_42","8/42","N/A","17/11/2025","BOOT56","17/11/2025 - 1 - NEW OR EXCELLENT","N/A - N/A - N/A","25/03/2026","DESP TO STATION"
"","","","","","","","","","","","17/11/2025","DESP TO STATION"
